{
  "id": "aa85431e-ddf2-450f-bf52-c997412d5d9e",
  "completed": false,
  "numberOfChecks": 3327,
  "numberOfUpdates": 64,
  "criticalPath": [
    "v2-1624554963132-2185232827524",
    "v2-1623949304200-7885690605181",
    "v2-1623949203223-7316174764911",
    "v2-1623949166001-5868623589475",
    "v2-1623949064745-3144362560075",
    "v2-1623949040469-7981701803438",
    "v2-1623948916232-9530535697017",
    "v2-1623948434502-6584421336014"
  ],
  "longestPath": [
    "v2-1624553908173-3521989427859",
    "v2-1623949319586-9883630363592",
    "v2-1623949304200-7885690605181",
    "v2-1623949203223-7316174764911",
    "v2-1623949166001-5868623589475",
    "v2-1623949064745-3144362560075",
    "v2-1623949040469-7981701803438",
    "v2-1623948916232-9530535697017",
    "v2-1623948434502-6584421336014"
  ],
  "totalEnergyDemand": 1.8683019423852934E13,
  "totalHeatLoss": 1.6242505979178097E9,
  "neededPumpPower": 5.2677474933741836E13,
  "totalPressureLoss": 2601328.2108951807,
  "pressureLossCritical": 3.39331346420254E8,
  "pressureLossLongest": 2.7012508073119175E8,
  "massenstromInput": 201894.71897507858
}
